<?xml version="1.0" encoding="UTF-8" standalone="no"?>
<registration_data version="1.0">
   <environment>
      <hostname>RAINYSUN-PC</hostname>
      <hostId/>
      <osName>Windows Vista</osName>
      <osVersion>6.0</osVersion>
      <osArchitecture>x86</osArchitecture>
      <systemModel>R520/R522/R620</systemModel>
      <systemManufacturer>SAMSUNG ELECTRONICS CO., LTD.</systemManufacturer>
      <cpuManufacturer>GenuineIntel</cpuManufacturer>
      <serialNumber>ZK6V93GS700069</serialNumber>
   </environment>
   <registry urn="urn:st:6c9f49aa-fbac-456c-b820-88f61870b7fe" version="1.0">
      <service_tag>
         <instance_urn>urn:st:6b287992-dc67-4ba2-bb08-a676665296df</instance_urn>
         <product_name>Java SE 7 Runtime Environment</product_name>
         <product_version>1.7.0_10</product_version>
         <product_urn>JSERE-007-ZZZZ</product_urn>
         <product_parent_urn>urn:uuid:dc1704fe-264f-11dc-9482-080020a9ed93</product_parent_urn>
         <product_parent>Java Platform Standard Edition 7 (Java SE 7)</product_parent>
         <product_defined_inst_id>id=1.7.0_10-b18 x86,dir=C:\Program Files\Java\jre7</product_defined_inst_id>
         <product_vendor>Oracle Corporation</product_vendor>
         <platform_arch>x86</platform_arch>
         <timestamp>2013-01-08 06:37:01 GMT</timestamp>
         <container>global</container>
         <source>Windows JRE installer</source>
         <installer_uid>-1</installer_uid>
      </service_tag>
   </registry>
</registration_data>
